"","group","results","genes","n"
"1","FP","FP(-); FP(-)","ABCC8; ABCC9; ABCE1; ABRACL; AC005943.2; ACSBG2; ACTR10; ACTR6; ACYP2; ADARB1; ADARB2; ADSS; AGR2; AIMP1; AIMP2; AKAP9; ALDH7A1; ALG12; ALG2; ALG5; ALG8; ANAPC10; ANKLE1; ANKRD49; AP1S3; AP3S1; APITD1; APMAP; ARF1; ARF4; ARFGAP3; ARFRP1; ARHGAP19; ARL1; ASCC1; ASPM; ATOX1; ATP5C1; ATP5G3; ATP5H; ATP5J; ATP6AP2; ATP6V0D1; ATP6V1D; ATP6V1G1; AURKA; AZIN1; B4GALT7; BARD1; BASP1; BCAP29; BET1; BIRC5; BLMH; BNIP3L; BOLA3; BRCA1; BTF3; BUB1; BUB1B; BZW1; C14H16ORF88; C14ORF2; C17H9ORF78; C1D; C1H11ORF73; C1H12ORF23; C1H12ORF5; C28H19ORF10; C2H6ORF62; C2ORF47; C5H14ORF166; C7ORF50; C8H1ORF21; C9H3ORF55; CALB2; CALCA; CALN1; CAMKV; CAPN2; CARS; CASC5; CBLN2; CCDC167; CCDC34; CCDC58; CCNA2; CCNB3; CCNC; CCT2; CCT4; CCT5; CCT8; CD164; CD24; CDC20; CDC25A; CDC45; CDC6; CDCA3; CDCA7; CDK6; CDKN3; CDT1; CENPA; CENPF; CENPI; CENPK; CENPM; CENPN; CEP128; CEP55; CETN1; CGRRF1; CHCHD2; CHCHD4; CHMP3; CHRNA5; CINP; CKS1B; CKS2; CLAPS2; CLEC3A; CLSPN; CMAS; CMPK1; CNIH1; CNIH4; CNPPD1; CNPY3; CNTLN; COL20A1; COMMD1; COMMD10; COPB2; COPE; COPG2; COPS8; COQ9; COX17; COX18; COX4I1; COX6C; COX7C; CREB3L1; CRELD2; CREM; CRIPT; CTBS; CTC-487M23.8; CTD-2410N18.5; CTNNA2; CTNNBIP1; CTPS1; CTSL2; CWC15; DCK; DCXR; DDOST; DDRGK1; DEPDC1; DEPDC1B; DERL2; DGUOK; DIAPH3; DLGAP5; DNAJB11; DNAJB9; DNAJC12; DNAL4; DOK5; DPM1; DRG1; DSTN; DTNBP1; DUSP3; DUT; E2F1; EBAG9; ECT2; EDF1; EEF1B2; EEF1E1; EIF2AK1; EIF2S2; EIF2S3L; EIF3M; EIF4H; EIF5; ELAVL2; ELAVL4; EMC3; EMC6; EMC7; EME1; ENTPD6; ENY2; ERGIC1; ERH; ERLEC1; ERO1L; ERP29; ERP44; ESCO2; ESF1; ESRP1; EXOSC3; EXOSC7; F13A1; FAM18B1; FAM19A1; FAM213A; FAM46A; FAM46D; FAM83D; FAM83G; FANCC; FBXO5; FGF6; FKBP11; FKBP4; FKBP7; FOSL2; FOXM1; FXYD2; GABARAPL1; GABRE; GAL3ST2; GALE; GARS; GCH1; GCSH; GINS1; GINS2; GLB1; GLRX3; GLT8D1; GMPPB; GNG4; GNL3; GNPTG; GOLGA4; GOLT1B; GPN3; GPR123; GPR180; GPX4; GRIP1; GRXCR1; GSG2; GTF2H5; GUCA1B; GXYLT2; HDLBP; HELLS; HIGD2A; HM13; HMGB2; HMGB3; HMGN5; HMMR; HOMER2; HOOK3; HSP90B1; HSPA14; HSPA5; HYOU1; IER3IP1; IFRD1; IMPA1; INCENP; ITGB1BP3; ITM2A; ITM2B; IWS1; JKAMP; KARS; KCNQ3; KCTD14; KDELR3; KIAA0101; KIAA1524; KIF11; KIF15; KIF20A; KIF23; KIF4A; KNSTRN; KNTC1; LDHA; LEPROTL1; LLPH; LMAN1; LMNB1; LOC100858798; LOC101748559; LOC101749531; LOC101751823; LOC107048987; LOC107050492; LOC107050681; LOC107050982; LOC107051182; LOC107052389; LOC107053040; LOC107054772; LOC107054798; LOC107054816; LOC107056124; LOC107057175; LOC418811; LOC421106; LOC421856; LOC422249; LOC423793; LOC426385; LOC427665; LOC427775; LOC428479; LPPR5; LRRC59; LRRTM4; LSM1; LSM3; LSM8; LYPLAL1; LYSMD2; MAD2L1; MAEA; MAK16; MANF; MARC2; MASTL; MCFD2; MCM10; MCM2; MCM5; MCTS1; MDH1; MDH2; MED28; MEST; METAP1D; METTL21A; MFSD2A; MFSD4; MGP; MGST1; MIS12; MKI67; MLN; MMP10; MND1; MOCS3; MPHOSPH10; MRP63; MRPL13; MRPL18; MRPL20; MRPL21; MRPL22; MRPL23; MRPL27; MRPL32; MRPL33; MRPL46; MRPL48; MRPS17; MRPS22; MRPS26; MRPS31; MRPS33; MRPS5; MSANTD4; MSMO1; MTHFD2; MXD3; MYBL1; MYC; NAALADL2; NABP1; NASP; NCAPG; NCBP2; NDC80; NDUFA1; NDUFA4; NDUFA5; NDUFA8; NDUFB1; NDUFB10; NDUFB5; NDUFB9; NDUFC2; NDUFS4; NDUFS6; NDUFV2; NEK2; NIP7; NOP16; NOP58; NPM1; NPM3; NR4A3; NSRP1; NT5C3A; NUCB2; NUDCD2; NUF2; NUP37; NUS1; OAZ1; OLA1; OLFM1; OSTC; P4HB; PAM; PAPSS1; PARK7; PAX7; PBK; PCNA; PDCD10; PDCD5; PDE10A; PDE8B; PDHA1; PDIA4; PDIA6; PFDN1; PGAM1; PHF14; PIGB; PIGY; PIN4; PLK1; PLS1; PLS3; POLR2L; POLR3F; POU3F2; POU3F3; PPA1; PPIB; PPIC; PPP2R5C; PRDX3; PRDX4; PRIM2; PRMT3; PRPS2; PSMA1; PSMA2; PSMA3; PSMA4; PSMA6; PSMA7; PSMB1; PSMB3; PSMC1; PSMC3; PSMC6; PSMD7; PSMG2; PSPH; PTRH2; PTTG1; PYCR2; QDPR; QPCT; QRSL1; RACGAP1; RAD1; RAN; RANBP1; RAP1A; RASSF1; RASSF5; RBM25; RBM41; RFC2; RFC3; RFC5; RHCG; RHOBTB3; RIPK3; RP11-1035H13.3; RP11-292K15.2; RP3-461F17.3; RP5-864K19.6; RPF2; RPL10A; RPL11; RPL14; RPL18A; RPL21; RPL23A; RPL3; RPL30; RPL31; RPL34; RPL35; RPL37; RPL38; RPL39; RPL5; RPL6; RPL7; RPLP2; RPN1; RPN2; RPS12; RPS13; RPS14; RPS16; RPS2; RPS20; RPS21; RPS27L; RPS28; RPS3A; RPS7; RPS8; RPSA; RRP15; SAMM50; SCFD1; SDF2L1; SEC11C; SEC13; SEC61A2; SEC61G; SEL1L; SELK; SELT; SEP15; SERINC1; SETD3; SGOL1; SHCBP1; SHFM1; SIRT5; SKA1; SKA3; SLBP; SLC12A4; SLC16A1; SLC17A5; SLC17A9; SLC1A4; SLC25A20; SLC25A21; SLC35B1; SLC35B3; SLC7A5; SLITRK6; SLMO2; SMARCAL1; SMCO4; SMYD1; SNRPA1; SNRPD2; SNRPD3; SNRPF; SNX3; SOD1; SOSTDC1; SPC25; SPCS1; SPCS2; SPCS3; SRPR; SRPRB; SSBP1; SSR1; SSR2; SSR3; SSR4; SSTR1; STK16; STMN1; STT3B; SUMF2; SV2B; SYNPR; TACC3; TALDO1; TBC1D30; TBCA; TCP1; TFAP2B; TFPI2; THAP5; TK1; TM2D3; TMED10; TMEM100; TMEM159; TMEM167A; TMEM18; TMEM196; TMEM208; TMEM240; TMEM258; TMEM50A; TMEM52B; TMEM59; TMOD3; TMPO; TMPRSS13; TMSB10; TOMM20; TOMM5; TOMM7; TPI1; TPRKB; TPT1; TRAM1; TRIAP1; TRIM35; TRIM55; TRIP11; TSHB; TSPAN13; TSR3; TSTA3; TTF1; TUBD1; TUSC3; TXNDC11; TXNL1; TXNL4A; TYMS; TYW5; UBA5; UBE2A; UBE2C; UBLCP1; UCHL1; UCHL5; UCK2; UFC1; UFD1L; UFL1; UFM1; UMOD; UNC50; UQCR10; UQCRC2; UQCRFS1; UQCRQ; USE1; USMG5; USP35; UTP23; VDAC1; VDAC2; VEPH1; VIMP; WDR61; WIPI1; WRB; WSB2; XBP1; YBX1; YIPF1; YIPF5; YWHAZ; ZC3H15; ZMAT2",670
"2","MH","MH(+); MH(+)","ABCC8; ABCC9; ABCG1; ACAP2; ACAP3; ACTN1; ACTR5; ACVR2A; ADAMTS19; ADGRV1; ADRA2C; AFF3; AGBL1; AGBL3; AK5; AKAP5; AKD1; ALB; ALDH1A2; ALS2CL; ANKRD28; ANKS1B; ANO3; AOX1; APAF1; ARFGEF3; ARHGAP11A; ARHGAP26; ARHGAP40; ARHGAP6; ARHGEF4; ARHGEF7; ARHGEF9; ARL4A; ARNT2; ARPP21; ASAP1; ASB14; ASXL3; ATP2B1; AvBD12; B3GALT5; B4GALT1; BAI3; BAIAP2; BBS10; BCL11B; BCR; BET3L; BMI1; BRCA2; BRS3; BRSK2; BTG4; BUB1B; C1HXORF59; C1ORF95; C2H8orf34; C3H20ORF26; C4H20ORF194; CACNA1B; CACNA1C; CACNA1E; CACNA1G; CACNA1I; CACNA2D3; CACNG3; CACNG4; CALM; CAMK1G; CAMKK2; CAMSAP1; CARHSP1; CCDC134; CCDC180; CCDC60; CCDC64; CCDC78; CCSAP; CDC20B; CDCP1; CDH6; CDH9; CDHR5; CDK17; CDK6; CELF2; CEP104; CEP126; CEP97; CFAP221; CFTR; CHD1L; CHIC2; CHN1; CHRM4; CHRNA7; CHST15; CIZ1; CKAP2; CLCN1; CLMN; CMTR2; CNGA3; CNKSR2; CNTNAP4; COL12A1; COL19A1; COL21A1; COL6A6; CPA2; CPA6; CPAMD8; CPN1; CRHBP; CRHR2; CRTC1; CSMD1; CSMD2; CSMD3; CSNK1D; CTTNBP2; DACH2; DAPK1; DCAF6; DCHS1; DCLK3; DGKD; DGKZ; DHCR24; DLGAP2; DLK1; DOCK3; DOK5; DOK6; DRD1; DRD4; DSEL; DUS2; DUSP5; DYNC2H1; DYTN; EDAR; EFNB2; EGFR; EGR1; EGR3; ELK4; EMX2; ENOX1; EPB41L4A; EPB41L4B; EPHA1; EPHX4; ESRP2; F2RL1; FAM105A; FAM120B; FAM131B; FAM13A; FAM171A1; FAM196A; FAM81A; FAM83B; FAM84A; FANCD2; FAP; FARP2; FBN1; FBXL18; FGD4; FGF3; FGFBP3; FHDC1; FILIP1; FILIP1L; FLRT2; FLRT3; FNBP1L; FOSL2; FOXO1; FOXP1; FST; GABRA5; GABRB3; GABRQ; GALNT14; GALNT15; GALNT18; GALNT6; GDA; GLCE; GLI3; GNE; GP5; GPNMB; GPR27; GPR63; GPR88; GRIA1; GRIA3; GRIN2B; GRIP1; GRP; GTDC1; H2AFY; HAO1; HELB; HERC1; HGFAC; HIVEP2; HOMER1; HOMER2; HPCAL1; HTR2C; HTR4; HTR6; IAPP; IFT140; IGJ; IGLL1; IL17RA; IL1RAPL1; INSM1; INTU; ITPKA; ITPR1; ITPR2; KALRN; KCNA1; KCNA4; KCNAB1; KCND3; KCNG1; KCNJ4; KCNK5; KCNQ5; KCTD16; KIAA0195; KIAA0922; KIAA1107; KIAA1456; KIAA1549; KIAA1549L; KIF15; KIF20A; KIF6; KITLG; KLF4; KLF7; KLHL2; KLHL3; KLHL8; LECT1; LIN7A; LMO3; LMO7; LNX2; LOC100857745; LOC100858131; LOC100858799; LOC100859478; LOC100859655; LOC101748456; LOC101748867; LOC101749834; LOC107049328; LOC107050650; LOC107050850; LOC107051449; LOC107051599; LOC107052169; LOC107052863; LOC107054175; LOC107054798; LOC107055431; LOC107055769; LOC414835; LOC416696; LOC416755; LOC419250; LOC419888; LOC420300; LOC424998; LOC425347; LOC427547; LONRF3; LPPR4; LPPR5; LRRC17; LRRC4C; LRRC7; LRRK1; LRRK2; LRRN4; LRRTM4; LYST; MADD; MAL2; MAN1C1; MAP3K2; MAPK1; MAPKBP1; MAPT; MARCH7; MBTD1; MCTP1; MED14; MEF2A; MEF2C; MEI4; MEIS2; METRN; MFI2; MGAT5; MICU2; MKL2; MN1; MPPED1; MUSK; MYCN; MYO10L; NAV2; NAV3; NBEA; NCAPD2; NCAPG2; NCOA1; NCOR1; NEDD4L; NEK10; NETO2; NFX1; NGEF; NHEDC2; NOL4; NR2E1; NSD1; NT5C1A; NTAN1; NTRK3; NTS; NTSR1; NUAK1; NYAP2; OGFR; P2RY1; PAK6; PAPOLG; PARP8; PASD1; PATZ1; PCDH8; PCGF3; PCSK9; PDE10A; PDE1A; PDE3A; PDE7A; PDYN; PEAK1; PER2; PERP1; PHACTR1; PHLDB2; PI15; PI16; PI4K2B; PITPNM2; PKNOX1; PLA2G4F; PLCB2; PLCH1; PLEKHH1; PLEKHS1; PLK2; PPEF2; PPP1CC; PPP1R12A; PPP1R1B; PPP1R2; PPP1R9A; PPP3CA; PPP3CB; PRKAR2A; PRKCD; PRKD1; PRMT8; PRSS12; PSME4; PTCHD1; PTPN5; PTPRJ; PVRL3; PXDN; R3HDM1; RAB3B; RAF1; RASD2; RASGEF1A; RASGEF1B; RASGRP1; RASSF5; RBBP8; RBFOX2; RBM33; REV1; RFX3; RGS12; RGS17; RGS20; RIMBP2; RNF144B; RP11-47I22.4; RPAP1; RRAGD; RTEL1; RTN4RL2; RUNDC3B; RYR2; SATB2; SCML2; SCN3A; SCN9A; SERPINA4; SERPINB5; SERTAD2; SH2D5; SH3RF2; SHANK2; SHC3; SHISA9; SIPA1L1; SKIV2L2; SLC25A12; SLC30A10; SLC35F3; SLC37A1; SLC5A1; SLC6A2; SLC7A7; SLC9A3; SLC9A5; SLCO4C1; SLITRK4; SNX7; SORBS1; SORBS2; SOWAHA; SOX4; STAC; SUPT7L; SYNE1; SYT14; SYT6; TAC1; TAF1D; TET2; TEX11; TFAP2C; TIAM1; TIAM2; TMCO4; TMED11; TMEM158; TMEM170B; TMEM177; TMEM201; TMEM61; TMEM74; TMPRSS15; TPD52L1; TRAF3IP2; TRAF5; TRAIP; TRERF1; TRIM9; TSNAXIP1; TSTD2; TTC26; TTC39A; TTC39C; TYRO3; USH1C; USH2A; USP24; VASH2; VCAN; VLDLR; VRK1; VWA3B; WDR17; WDR78; WFS1; WNT16; XK; XPO7; YEATS2; YLPM1; ZBTB34; ZDHHC15; ZDHHC23; ZMYND11; ZNF236; ZNF804A; ZNF831; ZP3L1",507
"3","MG","MG(+); MG(+); MG(+); MG(+)","ABLIM2; ACOX2; ADD3; AGBL2; AGPAT2; AGR2; AHNAK2; AKAP7L; ALOX5; ALS2CL; ANKFY1; ANKRD27; ANKRD29; ANXA2; APELA; AQP3; AQP4; ARHGAP22; ARHGAP28; ARHGAP40; ARHGEF17; ASB11; ASL2; ATP8B2; B3GNT7; B4GALT5; BAI3; BAIAP2; BAMBI; BMP15; BMP4; BTG4; C11H19ORF40; C8ORF22; C8ORF48; CALB1; CAPSL; CASR; CCDC80; CCNO; CD24; CD74; CDCP1; CDHR3; CDHR4; CDKN1A; CEBPA; CHST1; CIDEC; CMTM8; COCH; COL15A1; COMTD1; CORO2B; COTL1; CP; CPZ; CRHBP; CSF1; CX3CL1; CXCL12; CXCL14; CXCR7; CYBB; CYFIP2; CYP19A1; CYP26A1; CYP27A1; CYP3A7; CYSLTR1; DENND2D; DEPDC6; DLL1; DNAH9; DSG4; DSP; DUSP1; EAF2; EFEMP1; EIF4E1B; EIF4ENIF1; ELF3; ELMOD1; ELMSAN1; ELOVL7; EMCN; EML4; EMP2; EMX2; EPB41L4B; EPCAM; EPM2A; EPS8; ESR1; ETS2; F2RL1; FA2H; FABP4; FAM105A; FAM149A; FAM20C; FAM26D; FAM26F; FBXO32; FERMT1; FEZF2; FGF8; FGFR2; FNDC1; FOLR1; FRMD4B; FRRS1; FZD10; G0S2; GATA6; GBX2; GDI2; GDPD2; GDPD5; GEM; GIPC2; GJA4; GRIK1; GRP; GYPC; H1FOO; HAGHL; HAP1; HEYL; HMOX1; HNF4A; HOXA4; HOXA6; HOXB4; HOXB5; HOXB6; HSPB8; HTRA1; HTRA3; HYAL2; ID3; ID4; IGF2R; IGFBP4; INS; IQGAP1; IRF1; ITGA11; ITGB6; ITIH2; KBTBD12; KCNJ15; KCNK16; KCNQ1; KCTD14; KDM1B; KIAA1217; KIAA1841; KRT19; KRT8; LARP6L; LAT2; LDLRAD1; LGALS1; LMO2; LMO7; LOC100858107; LOC100859318; LOC101747588; LOC101747844; LOC101749017; LOC101749307; LOC101750205; LOC101751481; LOC107052718; LOC107052725; LOC107052834; LOC107053055; LOC107053803; LOC107055038; LOC107055160; LOC107055731; LOC378902; LOC416146; LOC417131; LOC417962; LOC418700; LOC419112; LOC419333; LOC421892; LOC422305; LOC422321; LOC422353; LOC422926; LOC428278; LOC428479; LOC428967; LOC429032; LOC431656; LOC772218; LRP8; LRRC17; LRRN2; LZTS3; M6PR; MAFB; MAL; MAP3K1; MAP7; MCU; MEIS1; MFSD4; MGAT3; MICALL2; MMP10; MOXD1; MSX1; MYB; MYC; MYCL; MYO7A; NBL1; NDNF; NDRG1; NECAP1; NEFL; NGB; NHS; NKAIN1; NR4A2; NRP1; OCLN; OLFM1; OR4S2; OSR1; P2RY1; PALD1; PANX1; PAX2; PAX3; PCDH1; PDGFC; PDGFRB; PDK1; PDLIM5; PKDCCb; PKP2; PLAU; PLCD4; PLEKHA6; PLEKHG1; PLEKHS1; PLIN3; PLK2; PLK3; PLXNC1; PODXL; POU2AF1; PPAP2C; PPP1R16B; PPP1R1C; PPP1R3B; PPP2R2B; PRDM12; PRICKLE2; PRR15; PTGES; PTPRQ; RAB11FIP1; RAB19; RAB3B; RAD51D; RASL10A; RASSF6; RASSF9; RBMS1; RBPMS; RBPMS2; RDH10; REL; RERGL; RFX2; RGCC; RGS10; RGS11; RGS2; RHBDF2; RILP; RIN2; RNF208; RP1; RP11-514P8.6; RP11-565P22.6; RRAD; RXFP1; RXRG; SCN5A; SCNN1A; SCNN1B; SDC4; SEMA3D; SEMA3G; SEPT9; SERPINB1; SERPIND1; SFRP2; SH3TC2; SIX4; SLC12A8; SLC16A2; SLC17A9; SLC18A2; SLC19A2; SLC25A30; SLC26A3; SLC9A3R1; SLC9A3R2; SLC9A7; SMAP2; SNAP23; SOAT1; SORL1; SOX17; SOX7; SPATA13; SPINT1; SSFA2; STK10; STK32B; STK40; TACC2; TDO2; THBS1; THSD7A; TMEFF1; TMEM121; TMEM189; TMPRSS2; TMTC1; TNFAIP2; TNFSF10; TNFSF13B; TOR1AIP2; TP63; TRAIL-LIKE; TRANK1; TRIB2; TRIM3; TSPAN8; TWF1; UGDH; UGT8L; UNC5B; UPK1B; USH1C; VMO1; WDFY1; WEE2; WFDC2; WIPF3; ZC3H7B; ZP3L1; ZPAX",363
"4","MH","MH(-); MH(-)","ABHD17B; ACE2; ACOT12; ACYP2; ADIPOR2; AFAP1L1; AHNAK2; AIFM2; ALDH1A1; ALOX5AP; ALPK3; APOA1; APOBEC2; APOD; APOH; ARHGAP24; ARPC1B; ASB13; ASB5; ATIC; BAG2; BAMBI; BARHL2; BEND7; C18ORF42; C1ORF198; C1ORF50; C21H1orf233; C5H11ORF9; C6H10ORF90; C7ORF72; C9ORF58; CA2; CABLES2; CALB1; CAMK2G; CAMTA1; CAPN5; CAV2; CBLN4; CCDC109B; CCDC25; CCK; CD151; CD36; CD59; CD9; CD99L2; CDC42EP4; CDH19; CDH3; CDK18; CDR2L; CH17-360D5.1; CHCHD10; CHMP3; CHN2; CHST3; CIB1; CLDN11; CLU; CNKSR3; CNP; CNTN2; COQ9; CPXM2; CRYBB2; CST3; CUTA; CYP4B1L; DAZAP2; DBNDD1; DBNDD2; DBX2; DENND2D; DHRS7; DHRSX; DHX35; DKK3; DMBX1; DRAM2; DRAXIN; EDIL3; EHD3; EIF4E3; ELOVL1; ENDOG; ENPP2; ENPP6; ERMN; FA2H; FADS6; FAM101A; FAM129B; FAM177A1; FAM89A; FAM98A; FEM1A; FGFR2; FH; FIBIN; FMOD; FNDC1; FNDC4; FNTB; FSTL3; FXYD2; FXYD6; FZD10; FZD9; GAB1; GABRR1; GALNT5; GCOM1; GFAP; GFRA4; GGACT; GJB1; GLRA4; GNG13; GNG5; GOLGA7; GPR123; GPR137C; GPR17; GPR37; GPRC5B; GPX3; GPX4; GSTM2; GTF2H4; HAPLN1; HAPLN2; HCRT; HEBP2; HEPACAM; HHATL; HIST1H101; HKDC1; HMOX1; HRASLS; HSPB1; HTRA1; IGFBP7; INADL; IRF8; IRX1; IRX2; IRX3; ITGB5; JAM3; KANK1; KAZALD1; KCNAB2; KCNJ10; KCNK9; KIAA0040; LAPTM5; LGI3; LHCGR; LHX1; LHX3; LOC100502566; LOC100857945; LOC100858127; LOC100858617; LOC100859224; LOC100859840; LOC100859848; LOC100859849; LOC101749287; LOC101751638; LOC107049088; LOC107049205; LOC107049486; LOC107050516; LOC107050638; LOC107050828; LOC107050904; LOC107050945; LOC107051305; LOC107055134; LOC107056412; LOC421419; LOC427201; LOC769726; LOC770718; LOC771917; LPAR1; LYPD6; MANF; MAOA; MAP1LC3A; MARCH8; MBD2; MBP; MET; METTL7A; MID1IP1; MLF2; MMD; MOB2; MRPL16; MSX1; MTUS1; MXRA7; NDRG1; NDUFS2; NEFH; NEFL; NEFM; NINJ2; NKX2-2; NKX6-2; NMB; NPC2; NPR2; NT5C3B; NTNG1; NUDT18; NXPH1; NXPH3; OLIG2; OPTN; OTUD7B; OTX2; PAPPA; PAQR7; PAQR8; PARD3B; PDGFA; PDLIM4; PDZRN4; PFDN5; PGF; PGP; PGRMC1; PHYHIPL; PLEKHM2; PLLP; PLP1; PMP2; PMP22; PNP; PNPLA2; PPEF1; PPIF; PPP2R3B; PPP2R4; PRDX6; PROX1; PTGES; PTGR1; RAB5B; RAP1A; RASGRP3; RASSF2; RBPMS2; RELL2; RGCCL; RGS3; RHOB; RHOU; RILPL1; RNF157; RP11-195F19.29; RP11-26J3.4; RPRM; RRBP1; RSPO1; S100A10; S100A11; S100B; SAP30L; SCARB2; SCD; SCN4B; SEBOX; SEPP1L; SEPT5; SEPT8; SEPT9; SERTM1; SFTPC; SGK1; SGK2; SH3BGRL3; SHANK3; SHF; SIRT5; SIX6; SLAIN1; SLC44A5; SLC45A3; SLC46A3; SLC48A1; SLC4A2; SLC6A11; SLC6A8; SLC6A9; SLC9A3R2; SMOX; SNX1; SNX33; SORT1; SOX10; SOX14; SOX8; SPI1; SRL; STK32B; STK39; STX8; SULF1; SVIL; SWAP70; SYNGR1; SYNGR2; SYT2; SYTL4; TBCC; TEX33; TGFB3; TIMP2; TMEM117; TMEM125; TMEM189; TMEM52; TMEM88B; TNFAIP8L1; TNFRSF14; TNNC1; TPT1; TRAIL-LIKE; TRPM2; TSC22D3; TSPAN2; TSPAN9; TTYH2; TXNIP; UGT8; UNC93B1; VEGFC; VMP1; VTN; VWA1; WNT11; WNT2; YIPF3; ZDHHC12; ZFPM1; ZIC2; ZNF521",353
"5","MP","MP(+); MP(+)","ABCA5; ACBD7; ACOX2; ACVR2A; ADAMTS3; ADAMTS7; ADCY9; ADGRD1; AFAP1L2; AGRP; AHCYL1; AMZ1; ANKRD55; ANO4; AP2A2; APCDD1L; ARHGAP32; ARHGAP44; ATG9A; B3GALT1; BAHD1; BLVRA; BRI3BP; BSN; C20H20ORF112; CA10; CACNA1H; CACNA2D2; CADM3; CALB1; CALCA; CAMK2N1; CAMTA1; CASKIN1; CBL; CBLN2; CCDC108; CCDC177; CCDC180; CCDC36; CCDC71; CD164L2; CDH6; CDKL1; CELSR2; CELSR3; CERCAM; CHD6; CHL1; CNNM2; COL26A1; COLEC12; CPN1; CRMP1; CTNND2; DAGLA; DCLK1; DGKK; DIRAS2; DISP2; DLGAP3; DLGAP4; DLX2; DNAJB1; DNM1; DPP6; DYSF; ECEL1; ELK4; ELOVL2; EP300; EPHB1; EXOC6B; FABP5; FAM162B; FAM69B; FECH; FGF13; FGFRL1; FRMPD2; FXYD6; FZD9; GALNT9; GAS7; GBGT1; GFAP; GJA1; GLDN; GLUD1; GPAM; GPAT2; GPM6A; GPR56; GPR83-L; GPRIN1; GRIA1; GRIK3; GRM5; GTF2H4; HAP1; HCN4; HECTD4; HEYL; HIPK2; HIPK3; HLF; HTR4; IAPP; INF2; IPCEF1; IQSEC1; KCNA3; KCNC2; KCNH2; KCNJ9; KCNQ2; KCTD15; KIAA1522; KIAA1549L; KIAA2022; KIF21B; KIF26A; KL; KLHDC8B; LGI1; LHX2; LHX5; LOC100857565; LOC100857732; LOC100858301; LOC100859454; LOC100859906; LOC101747546; LOC101748192; LOC101748212; LOC101748352; LOC101748851; LOC101749727; LOC101750338; LOC101750894; LOC101751513; LOC107049097; LOC107049315; LOC107050650; LOC107050785; LOC107050850; LOC107051159; LOC107051325; LOC107056579; LOC417962; LOC418109; LOC421298; LOC422321; LOC423478; LOC768374; LOC768579; LOC769726; LRFN2; LRRN2; MAGI1; MAML2; MAP1S; MAP2K6; MAP4K4; MAP6D1; MARCKS; MATN3; MAVS; MC5R; MCOLN1; MEGF11; METTL7A; MGLL; MMP17; MN1; MPP1; MPP2; MPPED1; MTMR8; MTMR9; MUSK; MXD1; MYO10L; MYO7A; NACC2; NAT; NAT8L; NCOA1; NCOA6; NEO1; NFIX; NHLH1; NHS; NKAIN2; NKX2-1; NOVA1; NPY; NPY2R; NRXN1; OTUB1; OXT; PCBD1; PCDH10; PDGFA; PENK; PHYHIPL; PIK3C2B; PKD1; PLCD4; PLSCR5; PLXNA4B; PLXNB1; PNAT10; PNAT3; PNOC; PPFIA4; PRKAR1B; PROCA1; PROKR2; PRRC2B; PTPRM; PTPRO; PTPRZ1; PURG; PYGO1; RAB10; RAI1; RALYL; RAP1GAP2; RAP2A; RAPGEF6; RASAL1; RASAL2; RASSF9; RIBC2; RNF169; RNF216; RPS6KA1; RUSC2; S1PR1; SAMD12; SARDH; SBF2; SDC2; SEMA4G; SEMA6A; SEZ6; SGK223; SHANK2; SHROOM4; SKI; SLC10A4; SLC15A2; SLC22A23; SLC4A4; SLC8B1; SLC9A3R2; SLCO1C1; SLITRK5; SMARCD3; SNCG; SNTB1; SORCS3; SORL1; SOX10; SOX9; SPON1; SRGAP3; SSTR4; STARD9; STAU1; STK32C; STXBP1; SYNDIG1; SYT11; SYT9; TACC1; TDH; TENM1; TIMP4; TMEM163; TMEM179; TMEM47; TMEM88B; TNC; TRIM54; TSNAXIP1; TSPAN5; TTC9; TTR; TUBB2B; UBASH3B; UNC5D; VAMP2; VANGL1; VIM; VSTM4; VWA5B1; VWC2; WWTR1; XKRX; ZBTB37; ZBTB7C; ZFPM2; ZHX3; ZIC2; ZNF385D",307
"6","FG","FG(+); FG(+); FG(+); FG(+)","ACR; ACRBP; ACSM3; ADAM20; ADAP2; ADRA1D; ADRA2C; AFP; AGBL3; AGBL5; ANKEF1; ANKRD40; ARHGEF1; ARHGEF9; ARID1A; ARSE; ASB15; ASXL3; ASZ1; ATXN7; BBS12; BCAT1; BCORL1; BTD; C10H15ORF58; C10H15ORF60; C11ORF85; C11ORF97; C14ORF39; C15ORF43; C1H12ORF40; C1H12ORF5; C1ORF100; C20H20ORF85; C2H18ORF63; C4H4ORF47; C4ORF17; C8H1ORF177; C9H2ORF82; CALN1; CCDC113; CCDC122; CCDC135; CCDC171; CCDC178; CCDC180; CCDC183; CCDC27; CCDC36; CCDC42; CCDC67; CCDC73; CDK3; CEP170; CEP78; CIB3; CILP; CLGN; CLIP1; CLPB; CNR2; CNTRL; COL6A6; COPS5; CPEB3; CREM; CRYBA1; CYP2R1; CZH9ORF84; DAGLA; DCAF12; DCBLD2; DCLK1; DDX25; DDX43; DGKK; DHTKD1; DLGAP4; DMRT1; DMRTB1; DNAH10; DNAH12; DNAJC16; DNM1L; DNM3; DTNB; DYM; DYRK3; E2F8; EFHB; EFHC1; ELAVL4; ELOVL2; ENTPD5; ERICH6B; ESRRG; FAM101A; FAM155A; FBXL17; FBXO15; FBXO4; FIGNL1; FLRT1; FP325317.1; GALK1; GALM; GBE; GDPD4; GGACT; GHRH; GJA3; GK; GLRA1; GLRB; GMPR; GOT1; GPM6B; GPR114; GPR174; GPR85; GPR88; GRHPR; GUCY2F; HFM1; HMGCLL1; HORMAD2; HPD; IFFO2; IMPG1; INTS9; IQCD; ISM1; ITIH3; KIAA0753; KIAA0825; KIAA2026; KIF24; KLF13; KLHL8; LARP1B; LNP1; LOC100857401; LOC100857732; LOC100857840; LOC100858077; LOC100858617; LOC100859314; LOC100859605; LOC100859636; LOC100859804; LOC101748011; LOC101748344; LOC101748426; LOC101748951; LOC101750842; LOC101751906; LOC101752046; LOC107049266; LOC107049324; LOC107049379; LOC107049826; LOC107051069; LOC107051647; LOC107052432; LOC107052987; LOC107054772; LOC107054961; LOC107055022; LOC107055024; LOC107057241; LOC107057566; LOC416212; LOC416500; LOC417691; LOC421502; LOC422304; LOC422448; LOC424028; LOC425001; LOC429167; LOC772075; LRP2BP; LRRC10B; LRRC18; LRRC23; LRRC34; LRRC46; LRRC48; LRRC72; MAATS1; MARCH11; MAST3; MBLAC2; MCOLN1; MEX3D; MLC1; MOGAT2; MYBPC3; MYOF; NAT10; NFAM1; NKX1-2; NKX3-1; NOTUM; NPR1; NPY6R; NSD1; NUPL2; ODF2; OMA1; PABPC4; PAN2; PARD6A; PCDH10; PDCD2; PDE10A; PFKFB4; PHRF1; PHTF1; PIPOX; PITPNM2; PKD2L2; PKHD1; PLK4; PPP1R42; PSME4; RABGAP1L; RAD51AP1; RAD9B; RAG2; RANGAP1; RBM44; REEP6; RNF149; RNF17; RNF212; RSPH10B; S100B; SAXO1; SENP8; SEZ6; SIK1; SLC13A5; SLC25A38; SLC25A47; SLC25A48; SLC27A2; SLC36A4; SLMO2; SMC6; SPAG8; SPATA22; SPATA6; SPDYA; STAMBPL1; STK31; STRA8; SULT6B1; SWT1; SYCP3; TCFL5; TEKT1; TEKT2; TEKT3; TEKT4; TEKT5; TEX11; TEX12; TFAP2A; TLR5; TMEM182; TMEM216; TMOD1; TMPRSS12; TNKS; TOLLIP; TOPAZ1; TRH; TRIM36; TRPM1; TRPM3; TRPV3; TSGA10; TTC29; TTC7A; TTLL3; UBN2; UPF3A; USH2A; USP2; USP30; USP42; VDAC3; VPRBP; VPS29L; WDR27; WDR78; XAF1; XRRA1; YTHDC2; ZIC4; ZNF592; ZNF767; ZNF831; ZPBP2",305
"7","FP","FP(-); FP(-)","ABCC8; ABCC9; ACAA2; ADAMTSL2; ADARB1; ADARB2; AGR2; AIMP2; ALDH7A1; ALG12; ALG5; AP000304.12; AP3S2; ARAP2; ARFGAP3; ARL1; ATOX1; ATP5G1; ATP5G3; ATP5H; ATP6V0D1; AZIN1; B3GALT2; BET1; BHLHA15; BOLA3; BRINP2; C1H12ORF5; C7ORF50; CACFD1; CALN1; CASR; CBLN2; CCT4; CD164L2; CDC25A; CDK6; CDKN3; CDT1; CENPM; CETN1; CG-16; CKS1B; CLAPS2; COPE; COX18; COX6C; COX7C; CREB3L1; CRELD2; CREM; CTC-487M23.8; DCXR; DDOST; DERL2; DGUOK; DHODH; DIRAS1; DNAJB11; DNAJB9; DNAJC12; DOK5; DSTN; DTX1; DTYMK; E2F1; ECEL1; ECHS1; ELAVL4; EMC6; ENO1; ERLEC1; ERO1L; ERP29; F13A1; FAM13C; FAM173A; FAM18B1; FAM19A1; FAM46D; FGF6; FHIT; FKBP11; FKBP7; FSHB; FTH1; GABRE; GALE; GCH1; GCSH; GMPPB; GPX4; HDLBP; HIGD2A; HM13; HMGN5; HMOX2; HOMER2; HSPA5; HYOU1; IDH3A; IFRD1; KARS; KCTD14; KDELR3; KNTC1; LAMTOR2; LAPTM4B; LBH; LIPG; LMAN1; LOC100858414; LOC101749360; LOC101749834; LOC101750767; LOC107049007; LOC107049885; LOC107054798; LOC107056124; LOC419662; LOC422224; LOC424109; LOC427665; LOC428479; LPPR5; LSM1; MAFF; MANF; MCFD2; MCM2; MCM5; MDH1; METTL21A; MFSD2A; MFSD4; MLN; MND1; MRPL12; MRPL21; MRPL22; MRPL48; MRPS21; MSTN; MXD3; MYC; NAALADL2; NABP1; NASP; NCAPH2; NDUFA12; NDUFA8; NDUFB10; NDUFS3; NDUFS7; NDUFV2; NIP7; NOP16; NPB; NPM3; NR4A3; NUS1; OAF; OAZ1; OFCC1; OSTC; P4HB; PAM; PAPLN; PAX7; PCNA; PDE10A; PDHA1; PDIA6; PDK4; PFDN1; PGAM1; POU3F3; PPA1; PROCR; PSMB2; PSMB3; PSMB7; PSPH; PTRH2; PTS; PYCR2; QDPR; RASSF1; RBM41; RFC3; RHOBTB3; RP11-292K15.2; RPF2; RPL10A; RPL11; RPL30; RPS21; RPS28; RPSA; RRP15; RRP9; S100A11; SAMM50; SAP18; SDF2L1; SEC11C; SEC13; SEC61A2; SEC61G; SELK; SGSM3; SIK1; SLC16A1; SLC25A34; SLC35B1; SLC7A3; SLC7A5; SMTNL1; SNRPD2; SNRPD3; SPCS1; SPCS2; SPCS3; SRPRB; SSR1; SSR2; SSR3; SSR4; ST7; STC1; STK16; STMN1; STT3B; SULT1C3; SUPT4H1; SUSD3; TALDO1; TBC1D30; TFPI2; TK1; TM2D3; TMED10; TMEM100; TMEM107; TMEM180; TMEM208; TMEM258; TMEM52B; TMPRSS13; TMSB10; TRIAP1; TRIM35; TSHB; TSR3; TSTA3; UAP1; UBA5; UCK2; UFC1; UFM1; USMG5; USP35; VEPH1; VIMP; WSB2; XBP1; YIPF5",267
"8","FH","FH(+); FH(+)","ADGRV1; ADRA2C; AFF3; AGBL1; AHCTF1; AKAP5; AKAP9; ANO3; ARHGAP11A; ARHGAP26; ARHGAP6; ARHGEF9; ARNT2; ARPP21; ASB14; ATP2B1; B3GALT5; BAI3; BAIAP2; BCAR3; BCL11A; BCL11B; BCR; BET3L; BOK; BRS3; BUB1B; C1ORF95; C4H4ORF50; C5ORF30; CACNA1C; CACNA1I; CACNA2D3; CCDC60; CCSAP; CDH10; CDHR5; CDK17; CDK6; CELF2; CEP152; CEP290; CHRM4; CHRNA7; CIZ1; CKAP2; CLCN1; CLMN; CLVS2; CNKSR2; CPA6; CRHBP; CRHR2; CSMD1; CYP2J2L6; CYP2W1; DAPK1; DCLK3; DGKH; DGKI; DHCR24; DLGAP1; DLGAP2; DMXL2; DOCK3; DOK5; DOK6; DRD1; DRD4; DSEL; DUSP5; DYNC2H1; EGR3; ENOX1; EPB41L4B; EPHA1; ERC2; FAM105A; FAM131B; FAM196A; FAM81A; FAM83B; FAP; FHDC1; FILIP1L; FLRT2; FOSL2; G2E3; GABRA4; GABRA5; GABRQ; GALNT15; GALNT6; GDA; GPC6; GPR52; GPR88; GPRIN1; GRIA1; GRIA3; GRIN2B; GRIP1; GRM5; GRP; HIVEP2; HOMER1; HOMER2; HOOK3; HPCAL1; HTR2C; HTR4; HTT; IAPP; IGF1; IGSF9B; IL13RA2; IL1RAPL1; ITPKA; KBTBD10; KCNA4; KCNF1; KCNK5; KCNMA1; KCNQ2; KCNQ5; KCTD16; KIAA1107; KIAA1456; KLHL2; LARGE; LMO3; LMO7; LOC100857745; LOC100859440; LOC100859655; LOC101748456; LOC101748527; LOC107049603; LOC107050850; LOC107054175; LOC107056154; LOC107056348; LOC395991; LOC419250; LOC420300; LOC424998; LOC769052; LOC770260; LOC772158; LONRF3; LRRC7; LRRK2; LRRN4; LRRTM4; LYST; MAPKBP1; MCTP1; MEF2C; METTL14; MKL2; MN1; MPPED1; MYO10L; N4BP2L2; NAV2; NAV3; NCAPG2; NETO2; NEURL1B; NGEF; NOX4; NPY1R; NR4A3; NSD1; NTRK3; NTS; NTSR1; NYAP2; PAK6; PARP8; PCDH8; PDE10A; PDE1A; PDE3A; PEAK1; PHACTR1; PHF20L1; PI15; PLCB1; PLCB2; PLCD4; PLK2; PNO1; POSTN; PPP1R12A; PPP1R9A; PRKAR2A; PRKCD; PRMT8; PROC; PRSS12; PTCHD1; PTK2B; PTPN5; PTPRJ; PXDN; R3HDM1; RASD2; RASSF5; RD3; RGS12; RGS20; RIMBP2; RP11-47I22.4; RRAD; RRAGD; RTN4RL2; RUNDC3B; RYR3; SCT; SERTAD2; SH2D4A; SH3RF2; SHC3; SIPA1L1; SLC7A9; SLC9A3; SLCO4C1; SNTG2; SORBS1; SORBS2; SPEF2; SPTLC3; STRN3; SYNE1; SYT14; TCF20; TGM3; TIAM2; TMCO4; TMED11; TMEM61; TPD52L1; TRAF3IP2; TRERF1; TRIM9; TYRO3; USP24; VGLL3; WDR17; WDR78",251
"9","FP","FP(+); FP(+)","ACACA; ADCY9; AFF4; AGRN; AHDC1; AMOT; ANKRD47; ANKRD6; ANKS1A; ANTXR1; ANTXRL; APC2; AR; ARHGAP26; ARHGAP32; ARID1A; ARID1B; ARVCF; ASH1L; ASTN1; ATF7; ATP8B1; BCL11A; BCL9L; BCORL1; BEND7; BSN; BTBD17; C10ORF12; C20H20ORF112; C24H11ORF63; C26H6ORF132; CACNA1C; CACNA1H; CACNA1I; CASKIN1; CASKIN2; CASZ1; CBFA2T2; CCDC108; CDK12; CDK18; CELSR2; CELSR3; CHD6; CHERP; CNNM2; CRB2; DAG1; DGKZ; DOT1L; DUSP8; DVL3; ELMSAN1; EP300; EPB41; EPHA3; EPHB2; FAIM2; FAM155B; FAM78A; FAT4; FLT4; FOXO3; FOXP4L; FZD1; GJC1; GLIS2; GRAMD1B; GRIK3; GSE1; GTF2H4; HCN1; HCN4; HECTD4; HIPK2; HIPK3; HIVEP3; HS3ST3A1; HSPG2; IGDCC4; IGF1R; INPPL1; ITGA3; KANK4; KANSL1; KCNH2; KIAA1217; KIAA1671; KIAA2022; KIF21B; KIRREL; KLF9; KMT2A; LAMA5; LAMB1; LARGE; LHX6; LOC100858301; LOC100858320; LOC100859347; LOC100859454; LOC100859766; LOC101747823; LOC101748192; LOC101748353; LOC101750635; LOC107049672; LOC107050679; LOC107050785; LOC107051165; LOC107051290; LOC107051408; LOC107051454; LOC107051567; LOC107053055; LOC107056305; LOC107057085; LOC395991; LOC422301; LOC769676; LPHN3; LRP4; LRRC10B; LRRK1; MAML1; MAML2; MAML3; MAMLD1; MAP2K6; MAP4; MAVS; MBD5; MC5R; MCOLN1; MED1; MED12; MED13L; MGLL; MKL1; MLL2; MLL3; MN1; MXD1; MYO15A; MYO1D; MYO9A; NACC2; NAV1; NBEAL2; NCOA1; NCOA6; NCOR1; NEO1; NF1; NFAT5; NFIC; NFIX; NINJ2; NOTCH2; NR6A1; ONECUT2; PANX3; PCDH19; PDE5A; PDE6H; PKD1; PLEKHA6; PLEKHG3; PLEKHG4; PLXNA2; PLXNB2; PLXND1; PPAP2B; PRDM11; PRKAA2; PRRC2B; PTPRD; PTPRF; PYGL; RAI1; RAP1GAP2; RAPGEF5; RAPGEF6; RASGRF1; RBL2; RERE; RGMA; RNF144B; RNF169; ROBO4; RP11-2C24.9; RPH3A; RPRD2; SCMH1; SCRIB; SCRT2; SDC3; SEC16A; SERTAD2; SETD2; SEZ6; SEZ6L; SIK3; SKI; SLC38A3; SLC9A1; SMARCA4; SMARCD2; SMG7; SOGA1; SORL1; SOX5; SPEN; SRCIN1; SRRM4; SSTR2; STAB1; STK36; TANC2; TET3; TGFBR3; THBS4; THY1; TLN2; TMEM131; TMTC1; TNRC18; TNRC6C; TNS1; TP53INP2; TSPAN4; TTC28; UNC5D; USP19; VANGL1; VPS53; WNK1; WWTR1; ZC3H6; ZDHHC8; ZFHX3; ZFPM1; ZMAT4; ZMIZ1; ZNF395; ZNF469; ZNF516; ZNF608; ZNF687; ZSWIM8",251
"10","MG","MG(+); MG(+)","ABCA3; ABCA5; ABCD3; ABCG4; ABHD12; ACOT9; ADAM17; ADAM19; ADRB2; AFAP1L1; AGPS; AKAP1; AMHR2; ANKRD13C; ANO1; APCDD1; ARHGAP6; ARHGEF12; ARHGEF18; ASPH; ATRNL1; AXIN2; B3GNT4; BFSP2; BPTF; BRPF3; C1QBP; C23H1ORF172; C8H1ORF168; CA10; CALCA; CAMKK2; CBX6; CCDC50; CCDC78; CCDC85C; CCNA2; CCND1; CCNL2; CD34; CD44; CD99L2; CDH3; CECR1; CELSR3; CENPI; CFL2; CHST12; CLINT1; CMTM6; CNNM2; COL6A1; COLEC12; CPNE1; CTGF; CTPS2; CTSC; CTTNBP2NL; DCN; DGAT2; DIRC2; DKK3; DLG2; DNAH5; DOCK10; DSTYK; DTHD1; DUSP7; EGF; EPB41; ERICH5; ESR2; EXOC8; F13A1; FAM189A2; FAM3B; FAM84B; FAM8A1; FBXO25; FGFRL1; FHL1; FHL5; FLRT2; FOXO3; FOXP4L; GAB2; GABRQ; GAL; GAS7; GDF10; GK5; GLIPR2; GREB1; HAL; HHEX; HIF1A; HOXB7; HTR2C; HYAL1; ICOSLG; IFNGR2; IL1RL1; IRAK2; ITPK1; JAG2; JDP2; KCNG1; KCNK17; KCTD8; KIAA1522; KRT80; LAMA5; LEPREL1; LFNG; LGR4; LMNB2; LOC100858796; LOC100859347; LOC100859848; LOC107049011; LOC107049603; LOC107049744; LOC107049790; LOC107053416; LOC107055769; LOC107057578; LOC418414; LOC419851; LOC423752; LOC771612; LOC776273; LPAR4; LPGAT1; LRRC1; LRRC8C; LRRN4; LTA4H; LY86; MAFF; MAL2; MAML1; MAML2; MAML3; MAN1B1; MAPK8IP1; MAT1A; MBNL1; MDM2; MECOM; MGLL; MIB2; MICAL2; MN1; MPEG1; MRC2; MVK; MYO10L; MYO15L; NARF; NCF1; NECAB1; NFXL1; ORAI1; PARP14; PI15; PIK3IP1; PKN2; PLEKHG7; PLXNB2; PPP1R9B; PRKCE; PRLHR; PRUNE2; PTAFR; PTGFRN; PXMP4; R3HDM1; RAB26; RAB31; RAB9B; RAP2A; RAPGEF3; RBM47; RBP7; RGCCL; RHOV; RP11-290H9.2; RP11-385J1.3; RPH3A; RPS6KA1; RPS6KA3; SCARB1; SDC2; SELO; SEPT2L; SESN2; SH2B2; SHISA2; SIGIRR; SLC36A1; SLC47A1; SLC4A2; SLCO1B1; SLIT3; SNAI2; SOCS6; SOS1; STAB1; STAG3; STARD13; STK32A; STRA6; SURF4; SYCP2L; TAOK3; TAPBPL; TBC1D8; TBX3; TFCP2L1; TGFBR2; TMEM2; TPH1; TPPP3; TPTE2; TRIO; TSPAN7; TTBK1; TXNDC16; UBASH3A; UBE2O; UVSSA; VAMP2; VANGL1; VASN; VAV3; VPS53; VTG1; WASF2; WASL; WDFY2; WDR26; WNK2; XK; ZBTB43; ZEB2; ZFP36L1; ZYX",247
"11","MP","MP(-); MP(-)","AC005943.2; ADARB1; ADARB2; AGR2; AIMP1; AKAP9; ANXA5; AP1S3; APITD1; ARHGEF3; ATOX1; ATP5G3; BET1; BOLA3; BZW1; C14ORF2; C18ORF21; C1H11ORF73; C1H12ORF23; C1H12ORF5; C28H19ORF10; C5H14ORF166; C7ORF73; C8H1ORF21; CALN1; CAPN2; CCND2; CDCA7; CDK8; CENPE; CENPM; CENPW; CEP55; CHMP3; CHRNB4; CKS2; COA6; COPG2; COX4I1; COX7C; CTBS; CTC-487M23.8; DCK; DDX3X; DERL2; DGUOK; DNAJB11; DNAJC12; DTL; ECT2; EFR3A; EIF3I; EIF3M; EMC3; ENY2; EPCAM; ERH; ERI2; EXO1; F13A1; FAM19A1; FAM46D; FAM83D; FANCC; FBP1; FKBP4; GINS1; GMNN; GNPTG; H2AFV; H3F3C; HIST1H101; HJURP; HM13; HMOX1; HYOU1; IER3IP1; IFRD1; ITM2B; KERA; KIF11; KIF20A; LMNB1; LOC100859557; LOC101747587; LOC107050492; LOC107051991; LOC107053040; LOC107056124; LOC107056587; LOC414835; LOC417372; LOC419662; LOC421106; LYSMD2; MCFD2; MCM5; MED30; MELK; MLN; MND1; MRP63; MRPL20; MRPL33; MSANTD4; NAALADL2; NACA; NASP; NCAPD3; NCAPG; NCAPH; NDE1; NDUFB1; NDUFC2; NEK2; NPM1; NPM3; OAZ1; ORC1; OSTC; PCNA; PCP4; PDE8A; PDIA3; PDIA6; PFDN1; PIM3; PLK2; PLS1; PLS3; PNPLA4; POLR2L; POU3F2; PRDX4; PRMT3; PROS1; PSMD7; PSPH; PTRH2; RASSF3; RASSF6; RBM25; RFC2; RFC5; RP11-574K11.31; RP11-849F2.7; RPL11; RPL14; RPL18A; RPL21; RPL22; RPL22L1; RPL23A; RPL27; RPL3; RPL31; RPL32; RPL35; RPL36A; RPL37; RPL39; RPL6; RPL9; RPLP0; RPLP2; RPS12; RPS15A; RPS16; RPS17; RPS20; RPS21; RPS23; RPS24; RPS27L; RPS3A; RPS7; RPSA; SEC11C; SEC13; SEC61G; SELK; SEP15; SEPP1; SIK1; SKA3; SLC12A4; SLC17A9; SLITRK6; SMARCAL1; SMC2; SMIM8; SMYD1; SNRPB2; SOSTDC1; SPC25; SPRY1; SSBP1; SSR1; SSR2; SSR3; TACC3; TAF13; TALDO1; TGS1; THADA; TM2D3; TMPO; TOMM7; TPT1; TRIM55; TRPA1; TSPAN13; TTK; UFM1; UNKL; UQCR10; YIPF5; ZNF367; ZNF830",219
"12","MP","MP(+); MP(+); MP(+)","AATK; ABHD3; ABHD8; ADAP1; ADD2; ADORA2B; AGRN; AJAP1; ANKRD6; ANKS1B; APBA2; APC2; ARHGEF17; ARNT2; ASPA; ASPG; B3GAT1; B4GALT6; BCAN; BCL11B; C6ORF137; CA6; CAP2; CBX6; CDH20; CDH22; CELF5; CNTN2; CNTNAP1; COL25A1; CPLX1; CRB2; CRYM; CYFIP2; DAAM1; DLX6; DMTN; DPF1; ENPP6; ETNK2; EVL; FABP7; FAIM2; FAM181B; FAM196A; FAM19A5; FAT3; FAT4; GABBR2; GABRA3; GAL; GALNT16; GALR3; GLIS1; GLRA1; GLUL; GPM6B; GPR37; GPR37L1; GPR6; GPR83; GRID2IP; GRIN2B; GRM2; GRM4; HEPACAM; HIST1H2B5L; HSPA12A; HTR1B; ILDR2; ISL1; KBP; KBTBD11; KCNAB1; KCND2; KCNIP2; KCNJ6; KIF1A; LGI3; LOC100858941; LOC100859605; LOC101747275; LOC101747823; LOC101747844; LOC101748831; LOC101751263; LOC101751843; LOC107050373; LOC107053190; LOC107057566; LOC428510; LOC769676; LPPR3; LRP4; LRRN3; LSAMP; MAP2; MAP4; MAPK1; MARCH1; MDGA1; MDGA2; MLC1; MLPH; MYO9A; NAPB; NDP; NECAB3; NES; NHSL2; NKAIN4; NKX2-3; NPAS3; NPY5R; NRGN; NRN1L; NRXN3; NSMF; NXN; NXPH2; OGFRL1; OLIG2; OMG; OPRK1; OPRM1; OVCH2; PCDH17; PHACTR2; PIANP; PIPOX; PLXNA2; PPAP2B; PRKCB; PRKCE; PRNP; PRR7; PRRT3; PSD2; PTCHD3; PTPRS; QKI; RAPGEFL1; RASL10B; REEP2; RNF208; RPH3A; RUFY3; SDC3; SEMA4B; SEMA5A; SEPP1L; SH2D3C; SH2D5; SH3GL2; SHH; SLC1A2; SLC24A3; SLC4A3; SLC6A7; SLC6A9; SLC8A3; SLITRK1; SNCA; SOX21; SOX8; SSTR1; ST6GALNAC2; STMN3; SYBU; SYNGR3; TMEM240; TP73; TPH1; TPPP3; TSHR; TSPEAR; TTYH3; TUSC5; UNC5A; VAMP1; VAT1; VCAN; ZDHHC22; ZMAT4",184
"13","MG","MG(+); MG(+); MG(+)","ABCC1; ABHD6; AC004754.3; AC113404.1; ACSF2; ADAM33; AEBP1; AGRP; AHDC1; AHR; AKAP13; AKAP9; ANGPTL4; ANO6; ANXA6; ARHGAP17; ARHGAP26; ARHGEF7; ATP7B; BAZ1B; BIRC7; BNC2; BOC; C11ORF34; C1H12ORF23; C1R; C5H11ORF9; C5H14ORF105; C5H14ORF37; CACNA2D1; CAPN6; CAPN9; CBLN4; CCBE1; CD300A; CD99; CEND1; CH25H; CHGB; CHRNA5; CLDN10; CNKSR3; COL1A1; CPXM2; CTSK; DAAM2; DCBLD1; DDAH1; DKK1; DPYSL2; DUSP5; EIF4EBP2; ENPP6; EPPK1; EVL; F3; FAAH; FAM107A; FAM110C; FAM19A1; FAM38A; FAR1; FBXL7; FGF13; FOSL2; FOXO4; FTL; GAB3; GABRG1; GAREM; GMPS; GPR39; GPRC5C; HACD3; HELZ2; IKZF1; IL16; IRF6; JADE2; KATNBL1; KCNC4; KCNG3; KIAA0040; KIAA0195; KIAA1024; KIF21A; KLHL13; LAMA4; LAMC1; LAPTM5; LCT; LGALS3; LGI2; LHX8; LOC100857632; LOC100858196; LOC100858320; LOC100859351; LOC101749531; LOC101750635; LOC107052832; LOC419409; LOC419429; LOC420300; LOC424919; LOC768589; LRRC16A; MACF1; MAMLD1; MAP1LC3C; MARCO; MDFIC; MLL3; MMRN2; MSLN; MTUS1; MXRA5; MYH10; MYLIP; MYLK; NFIA; NFKBIZ; NPTX1; NRP2; PCDH18; PCDHGC3; PDLIM3; PFKFB3; PHLDA2; PI4KA; PLEKHF2; PPARGC1A; PPP1R3C; PSKH1; PTBP1; PTCHD2; PTPN6; RAB7A; RASSF5; RHPN2; ROS1; RP11-108O10.8; RP11-529K1.3; SATB1; SERINC2; SERPINF2; SGK223; SH3BP4; SH3PXD2B; SIAH2; SLC29A1; SLC41A3; SLC5A9; SLC6A6; SLC9A6; SNX9; SOGA2; SORBS2; SPDEF; SUSD1; SYNRG; SYTL5; TACC1; TCTN2; TEC; TESC; THBD; TICRR; TLR3; TMEM40; TMEM55A; TMOD3; TN; TNC; TPRN; TSC1; VAV2; VWF; WNT11; YAP1; ZBTB42; ZFYVE28; ZYG11B",183
"14","FG","FG(+); FG(+)","ABCA4; ABCB11; ACACA; ADAM15; ADRBK2; AHSG; AK6; AK7; AK8; ARHGAP18; ARID3A; ARID5B; ARL6; ARMC4; ASB3; AZIN2; BRAT1; BRD3; BRPF1; BTN1; C2CD3; C3ORF48; C6ORF137; CACNB4; CADM2; CASC1; CASZ1; CCDC39; CCDC89; CDC20B; CDHR5; CDX4; CENPK; CFAP99; CKB; CLMN; CTD-2510F5.6; CYP2J2L1; DAZAP1; DCAF10; DDX4; DIS3; DMGDH; DNAH7; DNAJC12; DPP4; DUPD1; EBF2; EFCAB1; EFCAB5; EIF4G3; EPN2; ERCC6; ERO1LB; FAM149B1; FAM228; FANCC; FBXO16; FNBP1; FOXK2; FOXN3; FSD1L; FSD2; GLYCTK; GMCL1; GMNC; GPR15; GPR64; GTSF1; HCN1; HELZ; HTR1A; HYDIN; IL4R; IL9R; INPP4A; IQCA1; IQCG; IQCHL; KATNB1; KCNT2; KIAA0195; KIF3C; KIF4A; KIF9; LOC100859097; LOC100859440; LOC101750600; LOC101750909; LOC107051165; LOC107051501; LOC107053040; LOC107053211; LOC107053414; LOC415939; LOC421195; LOC422372; LOC423277; LOC428499; LOC770248; LOC770392; LPPR1; LRRC19; LRRC71; LRRN1; LRRTM4; MAPT; MEIG1; MFN2; MLH3; MORC2; MRPL50; MYST2; NDOR1; NEB; NEDD4L; PACRG; PASK; PHEX; PHYHIPL; PIBF1; PIK3R1; PIK3R3; POLD3; POMGNT2; POU2F1; POU4F2; PPP1R36; PTCH1; RARS2; RECQL5; RFK; RNF123; RNF144B; RNF32; ROBO1; RP11-244H3.4; RP11-552F3.12; RPRD2; RSPH1; RSPH14; RUFY3; SAMD15; SCN4B; SCNN1D; SEC14L5; SEPT10; SETX; SH3BGR; SH3KBP1; SH3RF3; SLC26A4; SLC7A1; SLC7A9; SLITRK1; SMG5; SPACA1; SPATA17; SPHKAP; TBCEL; TBL3; TBXA2R; TCTE1; TEF; THUMPD3; TMEM86A; TOP2A; TPR; TTC25; TTC30A; TTLL2; TVP23A; USP12-like; USP5; WEE1; ZBTB21; ZC3H12B; ZC3H13; ZNF541; ZNF608; ZNF618; ZNRF2",182
"15","MP","MP(+); MP(+); MP(+); MP(+)","A2ML3; AAK1; ABAT; ACCN2; ACSBG1; ADCYAP1; ADCYAP1R1; APELA; AQP4; ARHGAP20; ARHGAP22; ASTN1; ATCAY; BAIAP2; BRINP3; BVES; C7H2ORF66; CACNA2D3; CACNG2; CACNG4; CACNG5; CALCR; CAMK4L; CARTPT; CCBE1; CCDC85A; CDH10; CDH13; CDK5R1; CERS1; CLCN2; CLEC18A; CPNE2; CPNE4; CPNE7; CRABP1; CRB1; CSPG5; CYP19A1; DLX1; DLX5; DOC2B; EDA; EGF; EGLN3; ELFN2; ENTPD2; ERBB4; FAM159A; FAM219A; FAM43B; FAM81A; FGF1; GABRA2; GABRA5; GABRG1; GABRQ; GAD1; GAD2; GAP43; GCHFR; GDA; GFRA2; GHRH; GREM2; GRIN1; HTR1A; ID4; IGFBP2; IRF2BP2; ISLR2; KCNA10; KCNA2; KCNA6; KCNG3; KCNIP1; KCNJ10; KCNK12; KCNS2; KCNT1; L3MBTL1; LAMP5; LEF1; LOC100857843; LOC100857927; LOC100858326; LOC100859314; LOC100859449; LOC101748456; LOC101749227; LOC101750448; LOC107050872; LOC107056412; LOC408180; LOC419677; LOC420716; LOC422323; LOC425001; LPPR4; LRRTM1; LRTM2; MC4R; MMD2; MTSS1L; MYO16; NCAM1; NCAN; NECAB1; NEFL; NEFM; NGEF; NPTX1; NPTX2; NR2E1; NRG2; NRG3; NRP2; NT5C1A; NTM; NTRK2; NTS; NTSR1; OPRD1; P2RX5; P2RY1; PCDH1; PCDH8; PCSK2; PDE1A; PDYN; PEX5L; PKIA; PLXNA1; PLXNC1; POPDC3; PTK2B; RASD2; RASGEF1A; RASGRF2; RELN; RFX4; RGS4; RGS8; RIMS3; SARM1; SCN2B; SEMA5B; SEZ6L; SFXN5; SHISA8; SLC13A5; SLC16A2; SLC17A6; SLC18A2; SLC1A3; SLC1A6; SLC27A1; SLC2A1; SLC2A13; SLC32A1; SLC6A11; SLC8A2; SLC9A5; SLIT1; SLITRK4; STON2; SULT4A1; SYN2; SYT1; SYT7; TAC1; THY1; TMEM255A; TNFAIP8L3; TRHDE; VIP; VIT; WASF1; WBSCR17; WNT7A",180
"16","FP","FP(+); FP(+)","ABCA4; ABLIM3; ADCY5; AEBP1; AGRN; AKR1B1; ANKRD34B; ANOS1; AQP3; ASIC4; ASPA; ATP6V1C2; BCOR; BMP2; BMP6; C10ORF10; C1ORF198; C21H1orf233; C3H2orf71; CACNA1H; CACNA2D2; CAPN5; CARD10; CASKIN2; CCDC108; CCDC66; CDHR5; CKMT1A; CLDN10; CLUL1; CMKLR1; CNTFR; COL5A1; CSRP2BP; CYGB; CYTH4; DEAF1; DHX57; DIO3; DRD4; EBF2; ELMOD1; ENC1; EP300; EPHA10; FAIM2; FAM214A; FAM219A; FAM222A; FEV; FLVCR2; FOXL2; GPSM1; GREB1; HABP2; HIPK2; HIVEP1; IGDCC4; IQSEC3; ITPR3; JADE3; JAK2; KANK1; KCND3; KCNMA1; KIF12; KIRREL3; KLHL36; LACTBL1; LAMA5; LEPREL1; LGALS1; LOC101748568; LOC101749175; LOC101749375; LOC107050961; LOC107051290; LOC107055769; LOC107057085; LOC107057564; LOC416263; LOC416696; LOC421975; LOC424214; LOC427826; LOC429032; LOC768579; LOC771735; LPAR1; LRFN3; LRP2; LTBP2; MANBA; MAP2K6; MBD5; MEF2C; MLL3; MLLT3; MPP1; MTUS1; MYRIP; NAV1; NCOA6; NCOR1; NETO2; NEURL1; NFAM1; NFAT5; NFKB1; NPDC1; NSMF; PCBD2; PDGFD; PDZRN3; PELI2; PFKFB3; PGR; PHF21B; PIK3R3; PLEKHA8; PNPLA3; PRDM2; PTPRD; RAD54L2; RAI2; RAPGEF6; RASA4; RBL2; RDH10; RP11-2C24.9; RREB1; RTN4RL1; SCML2; SDK1; SEBOX; SEC16A; SEMA3A; SERPINA4; SH3GL1; SHH; SHISA9; SLC25A43; SLC27A6; SLC35B4; SLC46A1; SLC6A6; SLC7A14; SMARCA4; SOX9; SPTY2D1; SRRM4; SSTR3; STARD13; TH; TMCC3; TMEM114; TMEM8A; TRIOBP; TRPM2; TSC2; TSPAN5; UBTF; VSTM5; VTN; WASF3; WHSC1L1; WIPF3; WSCD2; XYLT1; YES1; ZFPM1; ZNF469; ZNF516; ZNF618; ZNF750",175
"17","MP","MP(-); MP(-); MP(-)","ABCC8; ABCC9; ANLN; ARAP2; AURKA; BIRC5; BRCA1; BUB1; C2H8ORF46; C9H3ORF55; CASC5; CCNA2; CCNB3; CD24; CDC20; CDC45; CDC6; CDCA3; CDK1; CDKN3; CDT1; CENPA; CENPF; CENPI; CENPK; CENPN; CKAP2; CKS1B; COL20A1; CREB3L1; CRELD2; CREM; DDRGK1; DEPDC1; DEPDC1B; DIAPH3; DLGAP5; DOK5; DUSP10; DUSP5; E2F1; EME1; ERLEC1; ERO1L; ESCO2; FAM46A; FBXO5; FGF6; FKBP11; FOSL2; FOXM1; FTL; FXYD2; GADD45B; GCH1; GLB1; GRIP1; GRXCR1; HELLS; HMGB2; HMGN5; HMMR; HOMER2; INCENP; ITGB1BP3; KCTD14; KIF15; KIF4A; KNSTRN; KNTC1; KPNA2; KYNU; LAPTM4B; LMAN1; LOC101748559; LOC101749531; LOC101750767; LOC107051182; LOC107054798; LOC107057175; LOC423793; LOC428479; MAD2L1; MANF; MCM10; MCM2; METTL21A; MFSD4; MIS12; MKI67; MOV10L1; MSTN; MXD3; MYBL1; MYC; NDC80; NDUFB9; NR4A3; NT5C3A; NUF2; OLFM1; PAX7; PBK; PDE8B; PLK1; POU3F3; PPIC; PRC1; PRL; PROCR; PTTG1; PYCR2; QDPR; QRSL1; RACGAP1; RAP1A; RGS1; RHCG; RIPK3; RPL30; RPL34; RPL35A; RPL5; RPL7; RPL7A; RPRD1A; RPS28; RPS3; RPS8; RRM2; SCG3; SDF2L1; SEC61B; SGOL1; SHCBP1; SKA1; SLBP; SLC16A1; SLC25A21; SPCS3; SSNA1; STC1; STT3B; SV2B; TBC1D30; TBCE; TFPI2; TK1; TMEM52B; TMOD3; UBE2C; UMOD; UMODL1; USP35; VEPH1; VIMP; ZC3HAV1L",157
"18","FG","FG(+); FG(+); FG(+)","ABCF2; ACSL4; ADCYAP1; AFF4; ALB; ALG8; AREL1; ARHGEF33; ARL2BP; ASCL4; BDH1; BEND2; BEND3; BTK; C17H9ORF171; C1H22ORF23; C1HXORF59; C20ORF96; C2H7ORF63; C3H20ORF26; C5ORF49; CAMSAP1; CBLL1; CCDC108; CCDC147; CCDC181; CCDC40; CCDC96; CD36; CFAP44; CFAP57; CHCHD6; CKAP5; CLUH; CNRIP1; COL28A1; COL8A2; COPS3; CRAT; CSAD; CYP26B1; DCLRE1C; DCT; DNAI1; DND1; DOT1L; EFHC2; ENO4; FAM184B; FBXO42; FBXW10; FNDC7; FOXRED2; GABRD; GABRR1; GJC1; GOLPH3L; GPR135; GTF3C1; HAUS6; HCN4; HCRTR2; HYKK; IL1RAPL1; INCENP; IQUB; KATNAL1; KATNAL2; KCTD2; KIF18B; KIF3B; KRT12; LACE1; LARP4; LCA5L; LOC101747386; LOC101747779; LOC107050947; LOC107055086; LOC107055266; LOC408180; LOC421099; LOC428593; LPCAT3; LRRC7; MMD; MPP6; MUT; MYOM3; NALCN; NHLH1; NKX2-3; NMU; NRGN; NTNG1; NUP210; OMP; OPNVA; OTOR; PAGR1; PARP8; PAX7; PCDH15; PCMT1; PCSK1; PFN4; PHACTR3; PHOSPHO1; PICK1; PIH1D3; PLD6; POLN; PPAT; PPEF1; PQLC2; PRSS55; RAD54B; RFX6; RIBC2; RP11-49K24.9; RPGR; RSPH3; RTKN2; SAMD13; SENP2; SGOL2; SLX4; SMCHD1; SMYD1; SPATA18; SPATA7; SPEF2; SS18L1; STYXL1; TBP; TCTE3; TDRD9; TEX9; TFDP2; TMEM38A; TMEM41B; TRRAP; TTC18; TUBB2B; USP48; WDR16; WDR41; XRCC6; ZFAND3; ZNF236",150
"19","FH","FH(+); FH(+)","ABCG1; ACVR2A; ADGRV1; ADRA2C; AFF3; AKAP5; ALDH1A2; ANO3; ARHGAP6; ARHGEF9; ARNT2; ARSI; ASB14; ATP10B; ATP2B1; BCAR3; BCL11A; BCL11B; BRS3; BRSK2; C4H4ORF50; C5ORF30; CACNA2D3; CACNG3; CAMK4; CARHSP1; CCDC60; CDH10; CDK6; CKAP2; CLMN; CLVS2; CNTNAP5; COL19A1; CRHR2; CSMD1; CTC-554D6.1; DCLK3; DGKH; DGKI; DLGAP2; DOK6; DRD1; DSEL; DYNC2H1; DYTN; EPB41L4B; EPHA1; EPHX4; ERC2; FAM131B; FAM81A; FAM83B; FAM84A; FAP; FGFBP3; FILIP1L; FLRT2; FOXP1; FREM3; GABRA4; GABRQ; GALNT15; GDA; GPC6; GPNMB; GRIA1; GRIA3; GRIN2B; GUCY1A2; HPCAL1; HTR2C; IL1RAPL1; ITPKA; ITPR1; KCNA4; KCNJ4; KCNK5; KCNQ2; KCTD16; KIAA0195; KIAA1107; KIAA1456; KLHL2; LMO7; LOC100858131; LOC100859655; LOC101748402; LOC101749540; LOC107055769; LOC107056154; LOC107056348; LOC420300; LRRK1; LYST; MAPKBP1; MCTP1; MEF2C; MEI4; MKL2; MTHFD2L; NAV3; NEGR1; NEURL1B; NGEF; NPY1R; NTSR1; NUAK1; NYAP2; PAK6; PCDH8; PDE1A; PDE3A; PEAK1; PERP1; PHACTR1; PLCB1; PNO1; PPP1R12A; PXDN; RASD2; RASGRP1; RASSF5; RFX3; RGMB; RIBC2; RP11-565P22.6; RYR2; RYR3; SEC61B; SHC3; SLC30A10; SLC7A9; SNTG2; SORBS2; SSBP2; SYNE1; SYT14; TBR1; TCF20; TIAM2; TMCO4; TYRO3; USP24; WDR17; WDR78; XKR4; ZC3H12B; ZFYVE28",149
"20","FH","FH(-); FH(-)","AFAP1L1; AIFM2; ANKRD13A; ANLN; APOA1; APOBEC2; APOD; APOH; ARHGEF3; C1ORF198; C6H10ORF90; C7ORF72; C9ORF58; CALB2; CALCA; CAV2; CBLN2; CBLN4; CD151; CD9; CERCAM; CILP; CLDN11; CNP; CNTN2; COMT; CPXM2; CTTNBP2NL; CYSTM1; DHRSX; DRAXIN; ELOVL1; ENO2; EPHX2; ERMN; FA2H; FNTB; FXYD6; FZD10; GBX2; GHRH; GLTP; GPR123; GPR137C; GPR17; GPX3; HAPLN2; HAPLN4; HEY2; IRX2; IRX3; KCNK9; KIAA0040; LGMN; LHCGR; LLGL2; LOC100502566; LOC100858127; LOC100859224; LOC100859840; LOC100859848; LOC101751203; LOC101751621; LOC101751638; LOC107050516; LOC107050548; LOC107050638; LOC107050828; LOC107057574; LOC770718; LOC771456; LSS; MID1IP1; MPP2; NDRG1; NEFM; NINJ2; NIPAL4; NIT1; NKX2-2; NKX6-2; NT5E; NXPH1; OLIG2; OTUD7B; OTX2; PADI3; PAPPA; PAQR7; PHLDB1; PLLP; PLP1; PPEF1; RAP1A; RHOB; RHOU; RIT2; RNF157; RP11-155D18.12; RP11-26J3.4; RRBP1; RUFY3; S100B; SCARB2; SCD; SCN4B; SEPT5; SEPT9; SHANK3; SHISA4; SHOX2; SLC48A1; SLC6A11; SLC6A9; SMOX; SMPD1; SNCG; SOX10; SPARC; SYNGR2; SYT2; TCF7L2; TGFB3; TMEM125; TMEM88B; TNNC1; TSPAN2; TTC19; TTYH2; TXNIP; USP6NL; VAMP1; VMP1; VTN; ZDHHC12; ZDHHC9; ZFYVE27",137
"21","FH","FH(-); FH(-)","ACYP2; ANLN; APOBEC2; APOH; ARHGEF3; ARHGEF37; C1ORF198; C5H11ORF9; C9ORF58; CALB2; CALCA; CASR; CBLN2; CCDC109B; CCR5; CD151; CD2; CECR5L; CLDN11; CNP; CPXM2; DUSP1; DUSP16; ENPP2; ENPP6; ERMN; FA2H; FAM43A; FNDC1; FNTB; GAB1; GBX2; GPR17; GPX3; HAPLN2; HAPLN4; HCRT; HMOX1; HTRA1; IRX2; KIAA0040; KLHL6; LGMN; LHCGR; LHX9; LOC100859848; LOC101751638; LOC769726; LOC770718; LRRC32; LRRC3B; MARCH8; MBP; MET; NDRG1; NEFM; NINJ2; NKX6-2; NPVF; NR5A1; OLIG2; OTX2; PADI3; PAPPA; PAQR7; PDGFA; PDLIM4; PITX2; PLLP; PLP1; PMCH; PMP22; PPEF1; PRRG1; RAP1A; RASGRP3; RBPMS2; RHBDD1; RHOU; RP11-195F19.29; SCARA3; SEPT9; SHANK3; SHOX2; SLAIN1; SLC44A5; SMOX; SNCG; SOX10; SOX8; SPARC; SRGN; STK32B; TCF7L2; TIMP2; TJP2; TMEM117; TMEM125; TMEM52; TOM1L1; TSPAN2; TTYH2; TXNIP; UGT8; USP6NL; VMP1; WNT11",107
"22","FP","FP(-); FP(-)","AC005943.2; AEBP1; AIMP2; ATOX1; AURKA; BOLA3; BTC; C1QTNF4; CALML4; CD34; CD99; CENPN; CFI; CKMT1A; CKS1B; CLAPS2; COX4I1; CSTB; DAD1; DDOST; DERL2; DGUOK; ENO1; ERLEC1; FKBP1A; GAPDH; GNRHR; GPX4; KCNJ2; LOC100502566; LOC107051182; LOC107054816; LOC429032; MAD2L1; MCM2; MDK; METTL21A; MRPL20; MXD3; NDUFA12; NDUFB10; NIP7; OAZ1; OSTC; PBDC1; PBK; POLR2H; PSMB2; PYCR2; REEP6; REG4; RPL18A; RPL30; RPL34; RPL35; RPL37; RPL38; RPL39; RPS12; RPS14; RPS17; RPS2; RPS27L; RPS29; RPSA; S100A1; S100A11; SDF2L1; SNRPD2; SSR2; TK1; TLCD1; TMEM258; TMEM35; TOMM7; TPI1; TSPAN1; TUBD1; UCK2; UFC1; UQCRQ; USMG5; YIPF1",83
"23","FH","FH(+); FH(+)","ADAM23; ADGRV1; ANKRD10; ASB14; C5ORF30; CCDC60; CFAP44; COL19A1; CPEB2; DYNC2H1; DYTN; FKBP5; GPC6; GRIA1; IL1RL1; KIAA0947; KIAA1107; KIF6; LOC100859636; LOC101748527; LOC107052636; LOC107056348; LYST; MAP3K2; MYO10L; NAV3; NFX1; PAPOLG; PDE3A; PI15; PXDN; RABGAP1L; RECK; RFX3; RIBC2; RYR3; SHC3; SORBS2; SPEF2; SYNE1; SYT14; TGM4; TRAF3IP2; TTLL5; WDR17",45
"24","MP","MP(-); MP(-)","AC005943.2; AGRP; ANAPC15; APITD1; BIRC5; CCDC28B; CKS2; CLEC3B; COX4I1; COX6C; COX7C; EEF1B2; EME1; HINT1; LOC107050681; MAD2L1; MED27; MOV10L1; MRPL27; NDUFB9; PFDN1; PFDN2; RPL11; RPL14; RPL30; RPL38; RPL39; RPL5; RPL6; RPS12; RPS16; RPS21; RPS28; RPS8; SLC13A3; SMARCAL1; TMEM141; TOMM7; TRIAP1",39
"25","MH","MH(-); MH(-)","CALB2; CBLN2; FZD10; GBX2; HAPLN4; HCRT; INCENP; IRX2; LHCGR; LHX9; LOC101751319; LOC101751638; LOC107050638; LOC107051305; MET; NEFM; NKX2-2; NR5A1; OLIG2; PAPPA; RNF157; S100A10; SCN4B; SHOX2; SNCG; SYT2; TCF7L2",27
"26","FP","FP(+); FP(+)","ADAMTS1; ALDH18A1; CEBPD; CREB3L1; CREM; DOT1L; ELL; FAM46D; FKBP5; HAND2; HECTD4; HUNK; INSM1; LOC107054798; MLPH; NF1; PIM3; PPP1R17; RP11-2C24.9; SLC7A5; TBC1D30; TFPI2; TXNDC11; USP35",24
"27","MP","MP(-); MP(+)","ANLN; APOD; APOH; AQP4; C5H11ORF9; CDH19; CLDN11; CNP; FABP7; GFAP; HEBP2; LGI3; LOC100859848; LOC769726; MBP; NINJ2; OLIG2; PLLP; PLP1; SEPP1L; SHANK3; TMEM52; TMEM88B",23
"28","FG","FG(-); FG(-)","ALX1; ANXA5; BCAP29; CD9; CEBPD; IFI6; OSTN; PRDX1; RPL27; RPL30; RPL32; RPL34; RPL37; RPLP2; RPS13; RPS21; RPS28; RPS8; SDCBP; SEPT2L; TMSB10",21
"29","MG","MG(-); MG(-)","ADCYAP1; ATP5J; C22H2ORF42; C8H1ORF177; GATM; HTRA2; ISX; LOC100858414; LOC100858882; LOC101747886; LOC101748459; LOC101749651; LOC107049346; LOC107050608; LOC768671; MORN3; MSANTD1; RPL35A; TMEM167B; TYSND1",20
"30","MH","MH(-); MH(-); MH(-)","CALB2; CALCA; CBLN2; GBX2; GHRH; HAPLN4; INCENP; LHX9; LOC107054855; NECAB2; SHOX2; SNCG; SPARC; STBD1; TCF7L2; VAMP1; WISP1",17
"31","FP","FP(+); FP(+)","AGR2; BRCA1; CDC45; CDKN3; CENPN; CREB3L1; ERLEC1; F13A1; FKBP11; LOC107051182; MANF; MYH1C; MYOM1; NDC80; PBK; SKA1; SSR3",17
"32","FH","FH(-); FH(-)","ANXA6; C18ORF32; CALB2; CBLN2; GBX2; GPR17; HAPLN4; LOC107054855; MLF2; NEFM; PAX7; PITX2; PTGR1; RNF157; SHOX2; SOX18; TCF7L2",17
"33","FP","FP(-); FP(+)","BUB1; CCNB3; CDK1; CDKN3; CENPI; CKAP2; FKBP11; KIF4A; KNSTRN; KPNA2; LOC423793; MKI67; RRM2; SHCBP1",14
"34","MH","MH(+); MH(+)","AKAP5; CKAP2; DSEL; FLRT2; GRIA1; LOC101748456; PDE1A; PPP1R1B; PRKCD; RASD2; SHC3; SHISA9; TYRO3",13
"35","FP","FP(-); FP(-); FP(-)","ARAP2; CDK1; CKAP2; KPNA2; LAPTM4B; LBH; LOC101749834; LOC101750767; PRL; RRM2; SCG3; STC1",12
"36","MP","MP(-); MP(-)","AC005943.2; AGR2; ATP5G3; COX7C; F13A1; LOC107050492; NDUFA8; RPRD1A; SEC61G; SNRPD3; TRIAP1",11
"37","FP","FP(-); FP(-); FP(-)","ANGPTL4; COX17; FADS6; FAM132A; H2AFY2; LOC107050492; NDUFB9; NDUFC2; PACRG",9
"38","MP","MP(+); MP(+)","ABCA4; C10ORF10; CAPN13; CCDC108; DZANK1; IGDCC4; KRT14; LOC429032; NPDC1",9
"39","FH","FH(+); FH(+)","ADAM23; ANKRD10; CCDC60; DYTN; LOC107052636; LOC427010; SLC7A9; SPEF2; SPTLC3",9
"40","MG","MG(-); MG(-)","EIF3I; NDUFB3; NNF1; NUDT1; RPL22; RPL30; RPL35A; TIMM17A; TRIAP1",9
"41","MH","MH(+); MH(+)","ABCC8; C1HXORF59; CKAP2; CPA6; GRP; KLF7; PDE1A; PI16; USH1C",9
"42","FG","FG(+); FG(+)","CYP3A7; EDEM3; IQCG; LOC101751171; MUC2; SPINK7; ZNF609",7
"43","FG","FG(+); FG(+); FG(+)","CDC20B; CRISP2; FAM161A; LOC101749151; LOC107049904; MUC13; TSGA10",7
"44","MP","MP(-); MP(-); MP(-)","CSRP3; HIGD2A; LOC101749360; LOC107050492; RPL34; RPL37; RPS17",7
"45","FG","FG(+); FG(+)","LOC100858655; LOC101751192; PI15; PPAT; SLC7A1; UTP20",6
"46","FP","FP(+); FP(+); FP(+); FP(+)","C7H2ORF66; CKM; HSPB1; MYH7B; NEB; TNNI1",6
"47","FP","FP(-); FP(-); FP(-)","ALDH1A2; HIGD2A; LOC101749360; MED27; RPS16; TRPC5",6
"48","FH","FH(-); FH(-); FH(-)","CDH3; LHX9; NPVF; PDZRN4; PITX2",5
"49","FP","FP(+); FP(+); FP(+)","CARTPT; CMYA5; FHL1; MYBPC1",4
"50","FH","FH(-); FH(+)","PAX7; PDE6H; RGR",3
"51","MH","MH(-); MH(-)","CRYBB2; ENPP6; HAPLN2",3
"52","MH","MH(-); MH(-); MH(-); MH(-)","NPVF; NR5A1; PITX2",3
"53","FG","FG(-); FG(-)","C23H1ORF63; LOC772158; LYG2",3
"54","MG","MG(-); MG(-); MG(-)","GPX4; HSP25; RPS17",3
"55","MG","MG(+); MG(+); MG(+); MG(+)","FGB; FGG; TTR",3
"56","MH","MH(-); MH(-); MH(-)","CALCA; LOC107054855; PITX2",3
"57","FH","FH(+); FH(+); FH(+)","EGR1; TMEM201",2
"58","FP","FP(+); FP(+); FP(+)","DDX10; SARM1",2
"59","MP","MP(-); MP(-); MP(-); MP(-)","EEF1B2; TRIAP1",2
"60","FG","FG(-); FG(-); FG(-)","RPL36A; SLC12A4",2
"61","FG","FG(-); FG(-); FG(-); FG(-)","HSP25; RPL29",2
"62","MG","MG(-); MG(-); MG(-)","CSDC2; YJEFN3",2
"63","MP","MP(-); MP(-)","NPY; SLC32A1",2
"64","MG","MG(+); MG(+); MG(+)","TF; THRSP",2
"65","MP","MP(+); MP(+)","IGLL1; TMEM164",2
"66","FG","FG(+); FG(-)","COL10A1",1
"67","FP","FP(+); FP(-)","OTOF",1
"68","MP","MP(+); MP(+); MP(+)","NETO2",1
"69","FG","FG(-); FG(-)","RHCG",1
"70","FG","FG(+); FG(-)","LOC107053414",1
"71","FG","FG(+); FG(+)","IQCG",1
"72","FH","FH(-); FH(-)","HCRT",1
"73","MG","MG(-); MG(-)","IAPP",1
"74","MH","MH(+); MH(+); MH(+)","PNO1",1
"75","FH","FH(+); FH(+); FH(+)","RPRD1A",1
"76","FG","FG(+); FG(+); FG(+); FG(+)","LOC107056420",1
"77","FP","FP(-); FP(-); FP(-); FP(-)","CSRP1",1
"78","FP","FP(-); FP(-); FP(+)","RACGAP1",1
"79","MG","MG(+); MG(+)","LBFABP",1
"80","MP","MP(-); MP(-); MP(+)","LOC107051182",1
"81","MP","MP(-); MP(+)","ANLN",1
"82","MP","MP(+); MP(+); MP(+)","IGJ",1
